"ID","Harsh_Roads","Villages_Temples","Rivers_Fields","Culture","Locals","Tour_Group","Eating_Partying"
2,NA,NA,NA,NA,NA,NA,NA
3,NA,NA,NA,NA,NA,NA,NA
4,NA,NA,NA,NA,NA,NA,NA
5,NA,NA,NA,NA,NA,NA,NA
9,NA,NA,NA,NA,NA,NA,NA
13,NA,NA,NA,NA,NA,NA,NA
16,NA,NA,NA,NA,NA,NA,NA
36,NA,NA,NA,NA,NA,NA,NA
47,NA,NA,NA,NA,NA,NA,NA
56,NA,NA,NA,NA,NA,NA,NA
63,NA,NA,NA,NA,NA,NA,NA
68,NA,NA,NA,NA,NA,NA,NA
70,NA,NA,NA,NA,NA,NA,NA
73,NA,NA,NA,NA,NA,NA,NA
75,NA,NA,NA,NA,NA,NA,NA
78,NA,NA,NA,NA,NA,NA,NA
82,NA,NA,NA,NA,NA,NA,NA
91,NA,NA,NA,NA,NA,NA,NA
94,NA,NA,NA,NA,NA,NA,NA
95,NA,NA,NA,NA,NA,NA,NA
